Label,Site,Species,Geno,Temp,Replicate,Bleaching_score_GP,Bleaching_score_AC,Bleaching_score_CB,Median
ES1-30A,Eilat,Stylophora,1,30,A,80,80,100,80
ES1-30B,Eilat,Stylophora,1,30,B,80,80,100,80
ES1-33A,Eilat,Stylophora,1,33,A,40,20,40,40
ES1-33B,Eilat,Stylophora,1,33,B,60,60,60,60
ES1-36A,Eilat,Stylophora,1,36,A,20,0,0,0
ES1-36B,Eilat,Stylophora,1,36,B,20,60,20,20
ES1-39A,Eilat,Stylophora,1,39,A,0,0,0,0
ES1-39B,Eilat,Stylophora,1,39,B,0,0,0,0
ES2-30A,Eilat,Stylophora,2,30,A,40,40,40,40
ES2-30B,Eilat,Stylophora,2,30,B,40,20,40,40
ES2-33A,Eilat,Stylophora,2,33,A,40,20,40,40
ES2-33B,Eilat,Stylophora,2,33,B,40,20,20,20
ES2-36A,Eilat,Stylophora,2,36,A,20,0,20,20
ES2-36B,Eilat,Stylophora,2,36,B,20,0,20,20
ES2-39A,Eilat,Stylophora,2,39,A,0,0,0,0
ES2-39B,Eilat,Stylophora,2,39,B,0,0,0,0
ES3-30A,Eilat,Stylophora,3,30,A,80,80,100,80
ES3-30B,Eilat,Stylophora,3,30,B,80,60,100,80
ES3-33A,Eilat,Stylophora,3,33,A,40,20,40,40
ES3-33B,Eilat,Stylophora,3,33,B,40,40,40,40
ES3-36A,Eilat,Stylophora,3,36,A,20,0,20,20
ES3-36B,Eilat,Stylophora,3,36,B,40,40,40,40
ES3-39A,Eilat,Stylophora,3,39,A,40,20,40,40
ES3-39B,Eilat,Stylophora,3,39,B,0,0,0,0
ES4-30A,Eilat,Stylophora,4,30,A,40,40,40,40
ES4-30B,Eilat,Stylophora,4,30,B,80,40,40,40
ES4-33A,Eilat,Stylophora,4,33,A,20,0,20,20
ES4-33B,Eilat,Stylophora,4,33,B,60,60,60,60
ES4-36A,Eilat,Stylophora,4,36,A,40,20,20,20
ES4-36B,Eilat,Stylophora,4,36,B,40,0,40,40
ES4-39A,Eilat,Stylophora,4,39,A,0,0,0,0
ES4-39B,Eilat,Stylophora,4,39,B,0,0,0,0
ES5-30A,Eilat,Stylophora,5,30,A,40,60,40,40
ES5-30B,Eilat,Stylophora,5,30,B,80,80,100,80
ES5-33A,Eilat,Stylophora,5,33,A,40,40,40,40
ES5-33B,Eilat,Stylophora,5,33,B,40,20,40,40
ES5-36A,Eilat,Stylophora,5,36,A,0,0,0,0
ES5-36B,Eilat,Stylophora,5,36,B,40,80,40,40
ES5-39A,Eilat,Stylophora,5,39,A,0,0,0,0
ES5-39B,Eilat,Stylophora,5,39,B,0,0,0,0
ES6-30A,Eilat,Stylophora,6,30,A,100,100,100,100
ES6-30B,Eilat,Stylophora,6,30,B,100,100,100,100
ES6-33A,Eilat,Stylophora,6,33,A,60,60,60,60
ES6-33B,Eilat,Stylophora,6,33,B,80,80,100,80
ES6-36A,Eilat,Stylophora,6,36,A,20,0,0,0
ES6-36B,Eilat,Stylophora,6,36,B,40,60,40,40
ES6-39A,Eilat,Stylophora,6,39,A,20,40,40,40
ES6-39B,Eilat,Stylophora,6,39,B,0,0,0,0
ES7-30A,Eilat,Stylophora,7,30,A,40,40,40,40
ES7-30B,Eilat,Stylophora,7,30,B,80,60,80,80
ES7-33A,Eilat,Stylophora,7,33,A,40,20,40,40
ES7-33B,Eilat,Stylophora,7,33,B,40,20,20,20
ES7-36A,Eilat,Stylophora,7,36,A,0,0,0,0
ES7-36B,Eilat,Stylophora,7,36,B,0,0,0,0
ES7-39A,Eilat,Stylophora,7,39,A,40,20,40,40
ES7-39B,Eilat,Stylophora,7,39,B,0,0,0,0
KS1-30A,AlFahal,Stylophora,1,30,A,100,80,100,100
KS1-30B,AlFahal,Stylophora,1,30,B,100,80,100,100
KS1-33A,AlFahal,Stylophora,1,33,A,100,80,100,100
KS1-33B,AlFahal,Stylophora,1,33,B,80,80,80,80
KS1-36A,AlFahal,Stylophora,1,36,A,100,80,100,100
KS1-36B,AlFahal,Stylophora,1,36,B,80,80,80,80
KS1-39A,AlFahal,Stylophora,1,39,A,60,60,60,60
KS1-39B,AlFahal,Stylophora,1,39,B,60,80,60,60
KS2-30A,AlFahal,Stylophora,2,30,A,100,80,100,100
KS2-30B,AlFahal,Stylophora,2,30,B,80,80,100,80
KS2-33A,AlFahal,Stylophora,2,33,A,100,100,100,100
KS2-33B,AlFahal,Stylophora,2,33,B,80,80,80,80
KS2-36A,AlFahal,Stylophora,2,36,A,80,80,80,80
KS2-36B,AlFahal,Stylophora,2,36,B,80,80,80,80
KS2-39A,AlFahal,Stylophora,2,39,A,60,60,60,60
KS2-39B,AlFahal,Stylophora,2,39,B,40,60,40,40
KS3-30A,AlFahal,Stylophora,3,30,A,100,100,100,100
KS3-30B,AlFahal,Stylophora,3,30,B,100,100,100,100
KS3-33A,AlFahal,Stylophora,3,33,A,100,100,100,100
KS3-33B,AlFahal,Stylophora,3,33,B,100,100,100,100
KS3-36A,AlFahal,Stylophora,3,36,A,80,100,80,80
KS3-36B,AlFahal,Stylophora,3,36,B,80,100,80,80
KS3-39A,AlFahal,Stylophora,3,39,A,40,60,60,60
KS3-39B,AlFahal,Stylophora,3,39,B,80,80,80,80
KS4-30A,AlFahal,Stylophora,4,30,A,100,100,100,100
KS4-30B,AlFahal,Stylophora,4,30,B,100,100,100,100
KS4-33A,AlFahal,Stylophora,4,33,A,80,80,100,80
KS4-33B,AlFahal,Stylophora,4,33,B,100,80,100,100
KS4-36A,AlFahal,Stylophora,4,36,A,80,100,80,80
KS4-36B,AlFahal,Stylophora,4,36,B,80,80,80,80
KS4-39A,AlFahal,Stylophora,4,39,A,60,60,60,60
KS4-39B,AlFahal,Stylophora,4,39,B,0,0,0,0
KS5-30A,AlFahal,Stylophora,5,30,A,100,100,100,100
KS5-30B,AlFahal,Stylophora,5,30,B,100,100,100,100
KS5-33A,AlFahal,Stylophora,5,33,A,80,100,100,100
KS5-33B,AlFahal,Stylophora,5,33,B,100,100,100,100
KS5-36A,AlFahal,Stylophora,5,36,A,100,100,80,100
KS5-36B,AlFahal,Stylophora,5,36,B,100,80,80,80
KS5-39A,AlFahal,Stylophora,5,39,A,20,40,20,20
KS5-39B,AlFahal,Stylophora,5,39,B,0,20,0,0
KS6-30A,AlFahal,Stylophora,6,30,A,100,100,100,100
KS6-30B,AlFahal,Stylophora,6,30,B,100,100,100,100
KS6-33A,AlFahal,Stylophora,6,33,A,80,80,100,80
KS6-33B,AlFahal,Stylophora,6,33,B,100,100,100,100
KS6-36A,AlFahal,Stylophora,6,36,A,80,80,80,80
KS6-36B,AlFahal,Stylophora,6,36,B,80,80,80,80
KS6-39A,AlFahal,Stylophora,6,39,A,40,60,40,40
KS6-39B,AlFahal,Stylophora,6,39,B,0,0,0,0
KS7-30A,AlFahal,Stylophora,7,30,A,100,100,100,100
KS7-30B,AlFahal,Stylophora,7,30,B,100,100,100,100
KS7-33A,AlFahal,Stylophora,7,33,A,100,100,100,100
KS7-33B,AlFahal,Stylophora,7,33,B,100,100,100,100
KS7-36A,AlFahal,Stylophora,7,36,A,100,80,80,80
KS7-36B,AlFahal,Stylophora,7,36,B,80,80,80,80
KS7-39A,AlFahal,Stylophora,7,39,A,60,80,60,60
KS7-39B,AlFahal,Stylophora,7,39,B,80,80,80,80
OS1-30A,Obock,Stylophora,1,30,A,100,80,80,80
OS1-30B,Obock,Stylophora,1,30,B,100,100,100,100
OS1-33A,Obock,Stylophora,1,33,A,NA,NA,NA,NA
OS1-33B,Obock,Stylophora,1,33,B,100,100,100,100
OS1-36A,Obock,Stylophora,1,36,A,80,80,80,80
OS1-36B,Obock,Stylophora,1,36,B,60,80,60,60
OS1-39A,Obock,Stylophora,1,39,A,0,20,0,0
OS1-39B,Obock,Stylophora,1,39,B,40,60,40,40
OS2-30A,Obock,Stylophora,2,30,A,100,100,100,100
OS2-30B,Obock,Stylophora,2,30,B,80,60,80,80
OS2-33A,Obock,Stylophora,2,33,A,NA,NA,NA,NA
OS2-33B,Obock,Stylophora,2,33,B,80,80,80,80
OS2-36A,Obock,Stylophora,2,36,A,0,0,0,0
OS2-36B,Obock,Stylophora,2,36,B,40,60,60,60
OS2-39A,Obock,Stylophora,2,39,A,0,20,0,0
OS2-39B,Obock,Stylophora,2,39,B,0,20,0,0
OS3-30A,Obock,Stylophora,3,30,A,80,80,80,80
OS3-30B,Obock,Stylophora,3,30,B,100,80,80,80
OS3-33A,Obock,Stylophora,3,33,A,NA,NA,NA,NA
OS3-33B,Obock,Stylophora,3,33,B,NA,NA,NA,NA
OS3-36A,Obock,Stylophora,3,36,A,20,20,0,20
OS3-36B,Obock,Stylophora,3,36,B,40,60,40,40
OS3-39A,Obock,Stylophora,3,39,A,0,20,0,0
OS3-39B,Obock,Stylophora,3,39,B,0,0,0,0
OS4-30A,Obock,Stylophora,4,30,A,100,80,80,80
OS4-30B,Obock,Stylophora,4,30,B,100,100,100,100
OS4-33A,Obock,Stylophora,4,33,A,NA,NA,NA,NA
OS4-33B,Obock,Stylophora,4,33,B,NA,NA,NA,NA
OS4-36A,Obock,Stylophora,4,36,A,80,80,80,80
OS4-36B,Obock,Stylophora,4,36,B,40,60,40,40
OS4-39A,Obock,Stylophora,4,39,A,20,20,20,20
OS4-39B,Obock,Stylophora,4,39,B,0,0,0,0
OS5-30A,Obock,Stylophora,5,30,A,100,80,80,80
OS5-30B,Obock,Stylophora,5,30,B,100,60,80,80
OS5-33A,Obock,Stylophora,5,33,A,NA,NA,NA,NA
OS5-33B,Obock,Stylophora,5,33,B,NA,NA,NA,NA
OS5-36A,Obock,Stylophora,5,36,A,20,20,20,20
OS5-36B,Obock,Stylophora,5,36,B,0,20,20,20
OS5-39A,Obock,Stylophora,5,39,A,0,0,0,0
OS5-39B,Obock,Stylophora,5,39,B,0,0,0,0
OS6-30A,Obock,Stylophora,6,30,A,100,80,80,80
OS6-30B,Obock,Stylophora,6,30,B,80,60,80,80
OS6-33A,Obock,Stylophora,6,33,A,NA,NA,NA,NA
OS6-33B,Obock,Stylophora,6,33,B,NA,NA,NA,NA
OS6-36A,Obock,Stylophora,6,36,A,60,60,40,60
OS6-36B,Obock,Stylophora,6,36,B,20,40,20,20
OS6-39A,Obock,Stylophora,6,39,A,0,20,0,0
OS6-39B,Obock,Stylophora,6,39,B,0,20,0,0
OS7-30A,Obock,Stylophora,7,30,A,100,100,100,100
OS7-30B,Obock,Stylophora,7,30,B,100,100,100,100
OS7-33A,Obock,Stylophora,7,33,A,NA,NA,NA,NA
OS7-33B,Obock,Stylophora,7,33,B,NA,NA,NA,NA
OS7-36A,Obock,Stylophora,7,36,A,100,100,80,100
OS7-36B,Obock,Stylophora,7,36,B,100,100,100,100
OS7-39A,Obock,Stylophora,7,39,A,40,60,20,40
OS7-39B,Obock,Stylophora,7,39,B,20,40,20,20
WS1-30A,AlWajh,Stylophora,1,30,A,80,80,60,80
WS1-30B,AlWajh,Stylophora,1,30,B,100,100,100,100
WS1-33A,AlWajh,Stylophora,1,33,A,80,80,80,80
WS1-33B,AlWajh,Stylophora,1,33,B,100,80,100,100
WS1-36A,AlWajh,Stylophora,1,36,A,0,20,0,0
WS1-36B,AlWajh,Stylophora,1,36,B,20,20,0,20
WS1-39A,AlWajh,Stylophora,1,39,A,0,60,0,0
WS1-39B,AlWajh,Stylophora,1,39,B,20,40,0,20
WS2-30A,AlWajh,Stylophora,2,30,A,60,60,60,60
WS2-30B,AlWajh,Stylophora,2,30,B,80,80,100,80
WS2-33A,AlWajh,Stylophora,2,33,A,80,80,80,80
WS2-33B,AlWajh,Stylophora,2,33,B,80,80,100,80
WS2-36A,AlWajh,Stylophora,2,36,A,20,40,20,20
WS2-36B,AlWajh,Stylophora,2,36,B,20,20,20,20
WS2-39A,AlWajh,Stylophora,2,39,A,0,20,0,0
WS2-39B,AlWajh,Stylophora,2,39,B,20,40,0,20
WS3-30A,AlWajh,Stylophora,3,30,A,60,60,60,60
WS3-30B,AlWajh,Stylophora,3,30,B,80,80,100,80
WS3-33A,AlWajh,Stylophora,3,33,A,80,80,80,80
WS3-33B,AlWajh,Stylophora,3,33,B,80,80,100,80
WS3-36A,AlWajh,Stylophora,3,36,A,40,60,40,40
WS3-36B,AlWajh,Stylophora,3,36,B,40,40,20,40
WS3-39A,AlWajh,Stylophora,3,39,A,0,0,0,0
WS3-39B,AlWajh,Stylophora,3,39,B,0,20,0,0
WS4-30A,AlWajh,Stylophora,4,30,A,80,60,60,60
WS4-30B,AlWajh,Stylophora,4,30,B,80,80,100,80
WS4-33A,AlWajh,Stylophora,4,33,A,80,80,80,80
WS4-33B,AlWajh,Stylophora,4,33,B,80,80,100,80
WS4-36A,AlWajh,Stylophora,4,36,A,0,0,0,0
WS4-36B,AlWajh,Stylophora,4,36,B,0,0,0,0
WS4-39A,AlWajh,Stylophora,4,39,A,0,0,0,0
WS4-39B,AlWajh,Stylophora,4,39,B,0,20,0,0
WS5-30A,AlWajh,Stylophora,5,30,A,60,60,60,60
WS5-30B,AlWajh,Stylophora,5,30,B,80,80,80,80
WS5-33A,AlWajh,Stylophora,5,33,A,60,60,80,60
WS5-33B,AlWajh,Stylophora,5,33,B,80,80,100,80
WS5-36A,AlWajh,Stylophora,5,36,A,20,40,20,20
WS5-36B,AlWajh,Stylophora,5,36,B,20,40,20,20
WS5-39A,AlWajh,Stylophora,5,39,A,0,0,0,0
WS5-39B,AlWajh,Stylophora,5,39,B,0,20,0,0
WS6-30A,AlWajh,Stylophora,6,30,A,40,20,40,40
WS6-30B,AlWajh,Stylophora,6,30,B,80,80,80,80
WS6-33A,AlWajh,Stylophora,6,33,A,60,60,60,60
WS6-33B,AlWajh,Stylophora,6,33,B,60,60,80,60
WS6-36A,AlWajh,Stylophora,6,36,A,20,20,0,20
WS6-36B,AlWajh,Stylophora,6,36,B,0,0,0,0
WS6-39A,AlWajh,Stylophora,6,39,A,0,20,0,0
WS6-39B,AlWajh,Stylophora,6,39,B,0,0,0,0
WS7-30A,AlWajh,Stylophora,7,30,A,60,60,60,60
WS7-30B,AlWajh,Stylophora,7,30,B,100,100,100,100
WS7-33A,AlWajh,Stylophora,7,33,A,80,80,80,80
WS7-33B,AlWajh,Stylophora,7,33,B,60,60,80,60
WS7-36A,AlWajh,Stylophora,7,36,A,20,20,0,20
WS7-36B,AlWajh,Stylophora,7,36,B,0,20,0,0
WS7-39A,AlWajh,Stylophora,7,39,A,0,0,0,0
WS7-39B,AlWajh,Stylophora,7,39,B,0,20,0,0
YS1-30A,Yanbu,Stylophora,1,30,A,NA,NA,NA,NA
YS1-30B,Yanbu,Stylophora,1,30,B,100,100,100,100
YS1-33A,Yanbu,Stylophora,1,33,A,100,100,100,100
YS1-33B,Yanbu,Stylophora,1,33,B,100,100,100,100
YS1-36A,Yanbu,Stylophora,1,36,A,20,40,20,20
YS1-36B,Yanbu,Stylophora,1,36,B,0,40,20,20
YS1-39A,Yanbu,Stylophora,1,39,A,0,0,0,0
YS1-39B,Yanbu,Stylophora,1,39,B,20,40,20,20
YS2-30A,Yanbu,Stylophora,2,30,A,NA,NA,NA,NA
YS2-30B,Yanbu,Stylophora,2,30,B,100,100,100,100
YS2-33A,Yanbu,Stylophora,2,33,A,100,100,100,100
YS2-33B,Yanbu,Stylophora,2,33,B,100,100,100,100
YS2-36A,Yanbu,Stylophora,2,36,A,60,80,80,80
YS2-36B,Yanbu,Stylophora,2,36,B,20,60,40,40
YS2-39A,Yanbu,Stylophora,2,39,A,20,60,20,20
YS2-39B,Yanbu,Stylophora,2,39,B,0,0,0,0
YS3-30A,Yanbu,Stylophora,3,30,A,NA,NA,NA,NA
YS3-30B,Yanbu,Stylophora,3,30,B,100,100,100,100
YS3-33A,Yanbu,Stylophora,3,33,A,60,80,60,60
YS3-33B,Yanbu,Stylophora,3,33,B,60,80,80,80
YS3-36A,Yanbu,Stylophora,3,36,A,0,20,0,0
YS3-36B,Yanbu,Stylophora,3,36,B,0,40,20,20
YS3-39A,Yanbu,Stylophora,3,39,A,0,20,0,0
YS3-39B,Yanbu,Stylophora,3,39,B,0,0,0,0
YS4-30A,Yanbu,Stylophora,4,30,A,NA,NA,NA,NA
YS4-30B,Yanbu,Stylophora,4,30,B,100,80,100,100
YS4-33A,Yanbu,Stylophora,4,33,A,60,80,60,60
YS4-33B,Yanbu,Stylophora,4,33,B,60,80,80,80
YS4-36A,Yanbu,Stylophora,4,36,A,0,20,20,20
YS4-36B,Yanbu,Stylophora,4,36,B,0,20,20,20
YS4-39A,Yanbu,Stylophora,4,39,A,0,0,0,0
YS4-39B,Yanbu,Stylophora,4,39,B,0,20,0,0
YS5-30A,Yanbu,Stylophora,5,30,A,NA,NA,NA,NA
YS5-30B,Yanbu,Stylophora,5,30,B,100,100,100,100
YS5-33A,Yanbu,Stylophora,5,33,A,100,100,100,100
YS5-33B,Yanbu,Stylophora,5,33,B,80,80,100,80
YS5-36A,Yanbu,Stylophora,5,36,A,0,0,20,0
YS5-36B,Yanbu,Stylophora,5,36,B,20,20,20,20
YS5-39A,Yanbu,Stylophora,5,39,A,0,20,0,0
YS5-39B,Yanbu,Stylophora,5,39,B,0,20,0,0
YS6-30A,Yanbu,Stylophora,6,30,A,NA,NA,NA,NA
YS6-30B,Yanbu,Stylophora,6,30,B,100,100,100,100
YS6-33A,Yanbu,Stylophora,6,33,A,100,100,100,100
YS6-33B,Yanbu,Stylophora,6,33,B,100,80,100,100
YS6-36A,Yanbu,Stylophora,6,36,A,20,40,60,40
YS6-36B,Yanbu,Stylophora,6,36,B,0,20,20,20
YS6-39A,Yanbu,Stylophora,6,39,A,0,20,0,0
YS6-39B,Yanbu,Stylophora,6,39,B,0,0,0,0
YS7-30A,Yanbu,Stylophora,7,30,A,NA,NA,NA,NA
YS7-30B,Yanbu,Stylophora,7,30,B,100,100,100,100
YS7-33A,Yanbu,Stylophora,7,33,A,40,80,80,80
YS7-33B,Yanbu,Stylophora,7,33,B,80,80,80,80
YS7-36A,Yanbu,Stylophora,7,36,A,40,60,60,60
YS7-36B,Yanbu,Stylophora,7,36,B,20,40,40,40
YS7-39A,Yanbu,Stylophora,7,39,A,0,20,0,0
YS7-39B,Yanbu,Stylophora,7,39,B,0,0,0,0
KA1-30A,AlFahal,Acropora,1,30,A,100,100,100,100
KA2-30A,AlFahal,Acropora,2,30,A,80,80,80,80
KA3-30A,AlFahal,Acropora,3,30,A,100,100,100,100
KA4-30A,AlFahal,Acropora,4,30,A,100,100,100,100
KA5-30A,AlFahal,Acropora,5,30,A,100,100,100,100
KA6-30A,AlFahal,Acropora,6,30,A,100,100,100,100
KA7-30A,AlFahal,Acropora,7,30,A,100,100,100,100
KA1-30B,AlFahal,Acropora,1,30,B,100,100,100,100
KA2-30B,AlFahal,Acropora,2,30,B,40,40,40,40
KA3-30B,AlFahal,Acropora,3,30,B,100,100,100,100
KA4-30B,AlFahal,Acropora,4,30,B,100,100,100,100
KA5-30B,AlFahal,Acropora,5,30,B,100,100,100,100
KA6-30B,AlFahal,Acropora,6,30,B,100,100,100,100
KA7-30B,AlFahal,Acropora,7,30,B,100,100,100,100
KA1-33A,AlFahal,Acropora,1,33,A,80,80,60,80
KA2-33A,AlFahal,Acropora,2,33,A,80,80,60,80
KA3-33A,AlFahal,Acropora,3,33,A,100,100,100,100
KA4-33A,AlFahal,Acropora,4,33,A,100,100,100,100
KA5-33A,AlFahal,Acropora,5,33,A,100,100,100,100
KA6-33A,AlFahal,Acropora,6,33,A,100,100,100,100
KA7-33A,AlFahal,Acropora,7,33,A,100,100,100,100
KA1-33B,AlFahal,Acropora,1,33,B,80,80,80,80
KA2-33B,AlFahal,Acropora,2,33,B,20,20,20,20
KA3-33B,AlFahal,Acropora,3,33,B,20,20,20,20
KA4-33B,AlFahal,Acropora,4,33,B,100,100,80,100
KA5-33B,AlFahal,Acropora,5,33,B,100,100,80,100
KA6-33B,AlFahal,Acropora,6,33,B,100,100,80,100
KA7-33B,AlFahal,Acropora,7,33,B,100,100,80,100
KA1-36A,AlFahal,Acropora,1,36,A,80,60,40,60
KA2-36A,AlFahal,Acropora,2,36,A,20,20,20,20
KA3-36A,AlFahal,Acropora,3,36,A,60,40,40,40
KA4-36A,AlFahal,Acropora,4,36,A,100,100,80,100
KA5-36A,AlFahal,Acropora,5,36,A,80,80,60,80
KA6-36A,AlFahal,Acropora,6,36,A,80,100,60,80
KA7-36A,AlFahal,Acropora,7,36,A,100,100,60,100
KA1-36B,AlFahal,Acropora,1,36,B,0,0,0,0
KA2-36B,AlFahal,Acropora,2,36,B,20,20,20,20
KA3-36B,AlFahal,Acropora,3,36,B,20,20,20,20
KA4-36B,AlFahal,Acropora,4,36,B,60,60,40,60
KA5-36B,AlFahal,Acropora,5,36,B,40,60,40,40
KA6-36B,AlFahal,Acropora,6,36,B,20,60,40,40
KA7-36B,AlFahal,Acropora,7,36,B,60,80,40,60
KA1-39A,AlFahal,Acropora,1,39,A,20,20,0,20
KA2-39A,AlFahal,Acropora,2,39,A,20,40,20,20
KA3-39A,AlFahal,Acropora,3,39,A,0,0,0,0
KA4-39A,AlFahal,Acropora,4,39,A,20,20,20,20
KA5-39A,AlFahal,Acropora,5,39,A,0,0,0,0
KA6-39A,AlFahal,Acropora,6,39,A,0,20,20,20
KA7-39A,AlFahal,Acropora,7,39,A,0,20,20,20
KA1-39B,AlFahal,Acropora,1,39,B,0,20,20,20
KA2-39B,AlFahal,Acropora,2,39,B,0,20,20,20
KA3-39B,AlFahal,Acropora,3,39,B,0,20,20,20
KA4-39B,AlFahal,Acropora,4,39,B,0,40,20,20
KA5-39B,AlFahal,Acropora,5,39,B,0,0,0,0
KA6-39B,AlFahal,Acropora,6,39,B,20,40,20,20
KA7-39B,AlFahal,Acropora,7,39,B,0,20,20,20
WA1-30A,AlWajh,Acropora,1,30,A,100,100,100,100
WA2-30A,AlWajh,Acropora,2,30,A,100,100,100,100
WA3-30A,AlWajh,Acropora,3,30,A,80,100,100,100
WA4-30A,AlWajh,Acropora,4,30,A,100,100,100,100
WA5-30A,AlWajh,Acropora,5,30,A,80,100,100,100
WA6-30A,AlWajh,Acropora,6,30,A,80,100,100,100
WA7-30A,AlWajh,Acropora,7,30,A,100,100,100,100
WA1-30B,AlWajh,Acropora,1,30,B,100,100,100,100
WA2-30B,AlWajh,Acropora,2,30,B,80,80,100,80
WA3-30B,AlWajh,Acropora,3,30,B,80,60,100,80
WA4-30B,AlWajh,Acropora,4,30,B,100,80,100,100
WA5-30B,AlWajh,Acropora,5,30,B,80,80,100,80
WA6-30B,AlWajh,Acropora,6,30,B,60,60,80,60
WA7-30B,AlWajh,Acropora,7,30,B,100,100,100,100
WA1-33A,AlWajh,Acropora,1,33,A,100,100,100,100
WA2-33A,AlWajh,Acropora,2,33,A,100,100,100,100
WA3-33A,AlWajh,Acropora,3,33,A,80,80,100,80
WA4-33A,AlWajh,Acropora,4,33,A,100,100,80,100
WA5-33A,AlWajh,Acropora,5,33,A,60,80,80,80
WA6-33A,AlWajh,Acropora,6,33,A,100,100,100,100
WA7-33A,AlWajh,Acropora,7,33,A,100,100,100,100
WA1-33B,AlWajh,Acropora,1,33,B,100,100,100,100
WA2-33B,AlWajh,Acropora,2,33,B,100,100,100,100
WA3-33B,AlWajh,Acropora,3,33,B,60,80,80,80
WA4-33B,AlWajh,Acropora,4,33,B,80,80,80,80
WA5-33B,AlWajh,Acropora,5,33,B,40,60,60,60
WA6-33B,AlWajh,Acropora,6,33,B,60,100,80,80
WA7-33B,AlWajh,Acropora,7,33,B,80,80,80,80
WA1-36A,AlWajh,Acropora,1,36,A,40,40,40,40
WA2-36A,AlWajh,Acropora,2,36,A,20,20,20,20
WA3-36A,AlWajh,Acropora,3,36,A,20,20,20,20
WA4-36A,AlWajh,Acropora,4,36,A,0,0,0,0
WA5-36A,AlWajh,Acropora,5,36,A,0,0,0,0
WA6-36A,AlWajh,Acropora,6,36,A,0,0,0,0
WA7-36A,AlWajh,Acropora,7,36,A,20,20,20,20
WA1-36B,AlWajh,Acropora,1,36,B,40,40,20,40
WA2-36B,AlWajh,Acropora,2,36,B,0,0,20,0
WA3-36B,AlWajh,Acropora,3,36,B,20,20,20,20
WA4-36B,AlWajh,Acropora,4,36,B,0,0,0,0
WA5-36B,AlWajh,Acropora,5,36,B,0,0,20,0
WA6-36B,AlWajh,Acropora,6,36,B,20,20,20,20
WA7-36B,AlWajh,Acropora,7,36,B,20,20,20,20
WA1-39A,AlWajh,Acropora,1,39,A,0,0,0,0
WA2-39A,AlWajh,Acropora,2,39,A,0,0,0,0
WA3-39A,AlWajh,Acropora,3,39,A,0,0,0,0
WA4-39A,AlWajh,Acropora,4,39,A,0,0,0,0
WA5-39A,AlWajh,Acropora,5,39,A,0,0,0,0
WA6-39A,AlWajh,Acropora,6,39,A,0,0,0,0
WA7-39A,AlWajh,Acropora,7,39,A,0,0,0,0
WA1-39B,AlWajh,Acropora,1,39,B,0,0,0,0
WA2-39B,AlWajh,Acropora,2,39,B,0,0,0,0
WA3-39B,AlWajh,Acropora,3,39,B,0,0,0,0
WA4-39B,AlWajh,Acropora,4,39,B,0,0,0,0
WA5-39B,AlWajh,Acropora,5,39,B,0,0,0,0
WA6-39B,AlWajh,Acropora,6,39,B,0,0,0,0
WA7-39B,AlWajh,Acropora,7,39,B,0,0,0,0
EA1-30A,Eilat,Acropora,1,30,A,40,20,0,20
EA2-30A,Eilat,Acropora,2,30,A,20,0,0,0
EA3-30A,Eilat,Acropora,3,30,A,20,0,0,0
EA4-30A,Eilat,Acropora,4,30,A,20,0,0,0
EA5-30A,Eilat,Acropora,5,30,A,20,0,0,0
EA6-30A,Eilat,Acropora,6,30,A,20,0,0,0
EA7-30A,Eilat,Acropora,7,30,A,0,40,20,20
EA1-30B,Eilat,Acropora,1,30,B,80,0,0,0
EA2-30B,Eilat,Acropora,2,30,B,20,0,0,0
EA3-30B,Eilat,Acropora,3,30,B,0,0,0,0
EA4-30B,Eilat,Acropora,4,30,B,20,0,0,0
EA5-30B,Eilat,Acropora,5,30,B,20,0,0,0
EA6-30B,Eilat,Acropora,6,30,B,20,20,20,20
EA7-30B,Eilat,Acropora,7,30,B,20,20,20,20
EA1-33A,Eilat,Acropora,1,33,A,20,20,20,20
EA2-33A,Eilat,Acropora,2,33,A,20,0,0,0
EA3-33A,Eilat,Acropora,3,33,A,20,0,0,0
EA4-33A,Eilat,Acropora,4,33,A,20,0,0,0
EA5-33A,Eilat,Acropora,5,33,A,0,0,0,0
EA6-33A,Eilat,Acropora,6,33,A,20,0,0,0
EA7-33A,Eilat,Acropora,7,33,A,20,20,20,20
EA1-33B,Eilat,Acropora,1,33,B,0,0,0,0
EA2-33B,Eilat,Acropora,2,33,B,20,20,20,20
EA3-33B,Eilat,Acropora,3,33,B,0,0,0,0
EA4-33B,Eilat,Acropora,4,33,B,0,0,0,0
EA5-33B,Eilat,Acropora,5,33,B,0,0,0,0
EA6-33B,Eilat,Acropora,6,33,B,0,0,0,0
EA7-33B,Eilat,Acropora,7,33,B,40,40,40,40
EA1-36A,Eilat,Acropora,1,36,A,0,0,0,0
EA2-36A,Eilat,Acropora,2,36,A,0,0,0,0
EA3-36A,Eilat,Acropora,3,36,A,0,0,0,0
EA4-36A,Eilat,Acropora,4,36,A,0,0,0,0
EA5-36A,Eilat,Acropora,5,36,A,0,0,0,0
EA6-36A,Eilat,Acropora,6,36,A,0,0,0,0
EA7-36A,Eilat,Acropora,7,36,A,0,0,0,0
EA1-36B,Eilat,Acropora,1,36,B,0,0,0,0
EA2-36B,Eilat,Acropora,2,36,B,0,0,0,0
EA3-36B,Eilat,Acropora,3,36,B,0,0,0,0
EA4-36B,Eilat,Acropora,4,36,B,0,0,0,0
EA5-36B,Eilat,Acropora,5,36,B,0,0,0,0
EA6-36B,Eilat,Acropora,6,36,B,0,0,0,0
EA7-36B,Eilat,Acropora,7,36,B,0,0,0,0
EA1-39A,Eilat,Acropora,1,39,A,0,0,0,0
EA2-39A,Eilat,Acropora,2,39,A,0,0,0,0
EA3-39A,Eilat,Acropora,3,39,A,0,0,0,0
EA4-39A,Eilat,Acropora,4,39,A,0,0,0,0
EA5-39A,Eilat,Acropora,5,39,A,0,0,0,0
EA6-39A,Eilat,Acropora,6,39,A,0,0,0,0
EA7-39A,Eilat,Acropora,7,39,A,0,0,20,0
EA1-39B,Eilat,Acropora,1,39,B,0,0,0,0
EA2-39B,Eilat,Acropora,2,39,B,0,0,0,0
EA3-39B,Eilat,Acropora,3,39,B,0,0,0,0
EA4-39B,Eilat,Acropora,4,39,B,0,0,0,0
EA5-39B,Eilat,Acropora,5,39,B,0,0,0,0
EA6-39B,Eilat,Acropora,6,39,B,0,0,0,0
EA7-39B,Eilat,Acropora,7,39,B,0,0,0,0
YA1-30A,Yanbu,Acropora,1,30,A,100,100,100,100
YA2-30A,Yanbu,Acropora,2,30,A,80,60,80,80
YA3-30A,Yanbu,Acropora,3,30,A,100,80,100,100
YA4-30A,Yanbu,Acropora,4,30,A,100,100,100,100
YA5-30A,Yanbu,Acropora,5,30,A,100,100,100,100
YA6-30A,Yanbu,Acropora,6,30,A,100,100,100,100
YA7-30A,Yanbu,Acropora,7,30,A,100,80,100,100
YA1-30B,Yanbu,Acropora,1,30,B,100,100,100,100
YA2-30B,Yanbu,Acropora,2,30,B,100,80,100,100
YA3-30B,Yanbu,Acropora,3,30,B,100,100,100,100
YA4-30B,Yanbu,Acropora,4,30,B,100,100,100,100
YA5-30B,Yanbu,Acropora,5,30,B,100,100,100,100
YA6-30B,Yanbu,Acropora,6,30,B,100,100,100,100
YA7-30B,Yanbu,Acropora,7,30,B,100,100,100,100
YA1-33A,Yanbu,Acropora,1,33,A,100,100,100,100
YA2-33A,Yanbu,Acropora,2,33,A,80,80,100,80
YA3-33A,Yanbu,Acropora,3,33,A,80,80,80,80
YA4-33A,Yanbu,Acropora,4,33,A,80,80,100,80
YA5-33A,Yanbu,Acropora,5,33,A,80,80,80,80
YA6-33A,Yanbu,Acropora,6,33,A,80,80,80,80
YA7-33A,Yanbu,Acropora,7,33,A,80,80,80,80
YA1-33B,Yanbu,Acropora,1,33,B,100,100,100,100
YA2-33B,Yanbu,Acropora,2,33,B,80,80,80,80
YA3-33B,Yanbu,Acropora,3,33,B,80,80,80,80
YA4-33B,Yanbu,Acropora,4,33,B,100,100,100,100
YA5-33B,Yanbu,Acropora,5,33,B,60,80,60,60
YA6-33B,Yanbu,Acropora,6,33,B,80,100,80,80
YA7-33B,Yanbu,Acropora,7,33,B,80,80,80,80
YA1-36A,Yanbu,Acropora,1,36,A,60,80,60,60
YA2-36A,Yanbu,Acropora,2,36,A,20,20,40,20
YA3-36A,Yanbu,Acropora,3,36,A,20,20,40,20
YA4-36A,Yanbu,Acropora,4,36,A,20,20,40,20
YA5-36A,Yanbu,Acropora,5,36,A,20,20,40,20
YA6-36A,Yanbu,Acropora,6,36,A,20,20,40,20
YA7-36A,Yanbu,Acropora,7,36,A,20,20,20,20
YA1-36B,Yanbu,Acropora,1,36,B,40,20,40,40
YA2-36B,Yanbu,Acropora,2,36,B,0,0,20,0
YA3-36B,Yanbu,Acropora,3,36,B,0,20,20,20
YA4-36B,Yanbu,Acropora,4,36,B,20,20,40,20
YA5-36B,Yanbu,Acropora,5,36,B,20,20,20,20
YA6-36B,Yanbu,Acropora,6,36,B,0,0,20,0
YA7-36B,Yanbu,Acropora,7,36,B,0,0,20,0
YA1-39A,Yanbu,Acropora,1,39,A,0,0,0,0
YA2-39A,Yanbu,Acropora,2,39,A,0,0,0,0
YA3-39A,Yanbu,Acropora,3,39,A,0,0,0,0
YA4-39A,Yanbu,Acropora,4,39,A,0,0,0,0
YA5-39A,Yanbu,Acropora,5,39,A,0,0,0,0
YA6-39A,Yanbu,Acropora,6,39,A,0,0,0,0
YA7-39A,Yanbu,Acropora,7,39,A,0,0,0,0
YA1-39B,Yanbu,Acropora,1,39,B,0,0,0,0
YA2-39B,Yanbu,Acropora,2,39,B,0,0,0,0
YA3-39B,Yanbu,Acropora,3,39,B,0,0,0,0
YA4-39B,Yanbu,Acropora,4,39,B,0,0,0,0
YA5-39B,Yanbu,Acropora,5,39,B,0,0,0,0
YA6-39B,Yanbu,Acropora,6,39,B,0,0,0,0
YA7-39B,Yanbu,Acropora,7,39,B,0,0,0,0
KL1-30A,AlFahal,Porites,1,30,A,100,100,100,100
KL2-30A,AlFahal,Porites,2,30,A,100,100,100,100
KL3-30A,AlFahal,Porites,3,30,A,100,100,100,100
KL4-30A,AlFahal,Porites,4,30,A,100,80,100,100
KL5-30A,AlFahal,Porites,5,30,A,100,100,100,100
KL6-30A,AlFahal,Porites,6,30,A,100,100,100,100
KL7-30A,AlFahal,Porites,7,30,A,100,100,100,100
KL1-30B,AlFahal,Porites,1,30,B,100,100,100,100
KL2-30B,AlFahal,Porites,2,30,B,100,100,100,100
KL3-30B,AlFahal,Porites,3,30,B,100,100,100,100
KL4-30B,AlFahal,Porites,4,30,B,100,80,100,100
KL5-30B,AlFahal,Porites,5,30,B,100,100,100,100
KL6-30B,AlFahal,Porites,6,30,B,100,100,100,100
KL7-30B,AlFahal,Porites,7,30,B,100,100,100,100
KL1-33A,AlFahal,Porites,1,33,A,100,100,100,100
KL2-33A,AlFahal,Porites,2,33,A,80,80,80,80
KL3-33A,AlFahal,Porites,3,33,A,100,100,100,100
KL4-33A,AlFahal,Porites,4,33,A,100,100,100,100
KL5-33A,AlFahal,Porites,5,33,A,100,100,100,100
KL6-33A,AlFahal,Porites,6,33,A,100,100,100,100
KL7-33A,AlFahal,Porites,7,33,A,100,100,100,100
KL1-33B,AlFahal,Porites,1,33,B,100,100,100,100
KL2-33B,AlFahal,Porites,2,33,B,100,100,100,100
KL3-33B,AlFahal,Porites,3,33,B,100,100,100,100
KL4-33B,AlFahal,Porites,4,33,B,100,100,100,100
KL5-33B,AlFahal,Porites,5,33,B,100,100,100,100
KL6-33B,AlFahal,Porites,6,33,B,100,100,100,100
KL7-33B,AlFahal,Porites,7,33,B,100,100,100,100
KL1-36A,AlFahal,Porites,1,36,A,100,100,100,100
KL2-36A,AlFahal,Porites,2,36,A,100,100,100,100
KL3-36A,AlFahal,Porites,3,36,A,100,100,100,100
KL4-36A,AlFahal,Porites,4,36,A,100,100,100,100
KL5-36A,AlFahal,Porites,5,36,A,100,100,100,100
KL6-36A,AlFahal,Porites,6,36,A,100,100,100,100
KL7-36A,AlFahal,Porites,7,36,A,100,100,100,100
KL1-36B,AlFahal,Porites,1,36,B,100,100,100,100
KL2-36B,AlFahal,Porites,2,36,B,80,80,100,80
KL3-36B,AlFahal,Porites,3,36,B,100,100,100,100
KL4-36B,AlFahal,Porites,4,36,B,100,100,100,100
KL5-36B,AlFahal,Porites,5,36,B,100,100,100,100
KL6-36B,AlFahal,Porites,6,36,B,100,100,100,100
KL7-36B,AlFahal,Porites,7,36,B,100,100,100,100
KL1-39A,AlFahal,Porites,1,39,A,40,80,40,40
KL2-39A,AlFahal,Porites,2,39,A,100,100,100,100
KL3-39A,AlFahal,Porites,3,39,A,80,80,80,80
KL4-39A,AlFahal,Porites,4,39,A,0,0,0,0
KL5-39A,AlFahal,Porites,5,39,A,80,100,100,100
KL6-39A,AlFahal,Porites,6,39,A,60,80,40,60
KL7-39A,AlFahal,Porites,7,39,A,40,60,40,40
KL1-39B,AlFahal,Porites,1,39,B,60,60,40,60
KL2-39B,AlFahal,Porites,2,39,B,80,100,60,80
KL3-39B,AlFahal,Porites,3,39,B,40,60,40,40
KL4-39B,AlFahal,Porites,4,39,B,60,40,40,40
KL5-39B,AlFahal,Porites,5,39,B,100,40,40,40
KL6-39B,AlFahal,Porites,6,39,B,80,60,60,60
KL7-39B,AlFahal,Porites,7,39,B,0,0,0,0
QL1-30A,AlQunfudhah,Porites,1,30,A,100,100,100,100
QL2-30A,AlQunfudhah,Porites,2,30,A,100,100,100,100
QL3-30A,AlQunfudhah,Porites,3,30,A,100,100,100,100
QL4-30A,AlQunfudhah,Porites,4,30,A,100,100,100,100
QL5-30A,AlQunfudhah,Porites,5,30,A,100,100,100,100
QL6-30A,AlQunfudhah,Porites,6,30,A,100,100,100,100
QL7-30A,AlQunfudhah,Porites,7,30,A,100,100,100,100
QL1-30B,AlQunfudhah,Porites,1,30,B,100,100,100,100
QL2-30B,AlQunfudhah,Porites,2,30,B,100,100,100,100
QL3-30B,AlQunfudhah,Porites,3,30,B,100,100,100,100
QL4-30B,AlQunfudhah,Porites,4,30,B,100,100,100,100
QL5-30B,AlQunfudhah,Porites,5,30,B,100,100,100,100
QL6-30B,AlQunfudhah,Porites,6,30,B,100,100,100,100
QL7-30B,AlQunfudhah,Porites,7,30,B,100,100,100,100
QL1-33A,AlQunfudhah,Porites,1,33,A,100,100,100,100
QL2-33A,AlQunfudhah,Porites,2,33,A,100,100,100,100
QL3-33A,AlQunfudhah,Porites,3,33,A,100,100,80,100
QL4-33A,AlQunfudhah,Porites,4,33,A,100,100,100,100
QL5-33A,AlQunfudhah,Porites,5,33,A,100,100,100,100
QL6-33A,AlQunfudhah,Porites,6,33,A,80,80,80,80
QL7-33A,AlQunfudhah,Porites,7,33,A,100,100,100,100
QL1-33B,AlQunfudhah,Porites,1,33,B,100,100,100,100
QL2-33B,AlQunfudhah,Porites,2,33,B,100,100,100,100
QL3-33B,AlQunfudhah,Porites,3,33,B,100,100,100,100
QL4-33B,AlQunfudhah,Porites,4,33,B,100,100,100,100
QL5-33B,AlQunfudhah,Porites,5,33,B,100,100,100,100
QL6-33B,AlQunfudhah,Porites,6,33,B,80,100,80,80
QL7-33B,AlQunfudhah,Porites,7,33,B,100,100,100,100
QL1-36A,AlQunfudhah,Porites,1,36,A,80,100,80,80
QL2-36A,AlQunfudhah,Porites,2,36,A,100,100,80,100
QL3-36A,AlQunfudhah,Porites,3,36,A,80,100,80,80
QL4-36A,AlQunfudhah,Porites,4,36,A,100,100,100,100
QL5-36A,AlQunfudhah,Porites,5,36,A,100,100,80,100
QL6-36A,AlQunfudhah,Porites,6,36,A,100,100,80,100
QL7-36A,AlQunfudhah,Porites,7,36,A,60,100,80,80
QL1-36B,AlQunfudhah,Porites,1,36,B,60,60,40,60
QL2-36B,AlQunfudhah,Porites,2,36,B,60,60,40,60
QL3-36B,AlQunfudhah,Porites,3,36,B,40,20,20,20
QL4-36B,AlQunfudhah,Porites,4,36,B,40,20,20,20
QL5-36B,AlQunfudhah,Porites,5,36,B,80,60,40,60
QL6-36B,AlQunfudhah,Porites,6,36,B,20,20,20,20
QL7-36B,AlQunfudhah,Porites,7,36,B,20,20,20,20
QL1-39A,AlQunfudhah,Porites,1,39,A,100,80,100,100
QL2-39A,AlQunfudhah,Porites,2,39,A,0,20,20,20
QL3-39A,AlQunfudhah,Porites,3,39,A,40,40,40,40
QL4-39A,AlQunfudhah,Porites,4,39,A,20,20,20,20
QL5-39A,AlQunfudhah,Porites,5,39,A,20,20,20,20
QL6-39A,AlQunfudhah,Porites,6,39,A,80,60,80,80
QL7-39A,AlQunfudhah,Porites,7,39,A,60,60,80,60
QL1-39B,AlQunfudhah,Porites,1,39,B,100,80,100,100
QL2-39B,AlQunfudhah,Porites,2,39,B,80,60,80,80
QL3-39B,AlQunfudhah,Porites,3,39,B,80,80,80,80
QL4-39B,AlQunfudhah,Porites,4,39,B,20,0,0,0
QL5-39B,AlQunfudhah,Porites,5,39,B,20,20,20,20
QL6-39B,AlQunfudhah,Porites,6,39,B,60,60,60,60
QL7-39B,AlQunfudhah,Porites,7,39,B,60,60,60,60
WL1-30A,AlWajh,Porites,1,30,A,100,80,80,80
WL2-30A,AlWajh,Porites,2,30,A,100,100,100,100
WL3-30A,AlWajh,Porites,3,30,A,100,100,100,100
WL4-30A,AlWajh,Porites,4,30,A,100,100,100,100
WL5-30A,AlWajh,Porites,5,30,A,100,100,100,100
WL6-30A,AlWajh,Porites,6,30,A,100,100,100,100
WL7-30A,AlWajh,Porites,7,30,A,100,100,100,100
WL1-30B,AlWajh,Porites,1,30,B,100,100,100,100
WL2-30B,AlWajh,Porites,2,30,B,100,100,100,100
WL3-30B,AlWajh,Porites,3,30,B,100,100,100,100
WL4-30B,AlWajh,Porites,4,30,B,100,100,100,100
WL5-30B,AlWajh,Porites,5,30,B,100,100,100,100
WL6-30B,AlWajh,Porites,6,30,B,100,100,100,100
WL7-30B,AlWajh,Porites,7,30,B,100,100,100,100
WL1-33A,AlWajh,Porites,1,33,A,100,100,80,100
WL2-33A,AlWajh,Porites,2,33,A,100,80,80,80
WL3-33A,AlWajh,Porites,3,33,A,100,100,100,100
WL4-33A,AlWajh,Porites,4,33,A,100,100,100,100
WL5-33A,AlWajh,Porites,5,33,A,100,100,100,100
WL6-33A,AlWajh,Porites,6,33,A,100,100,100,100
WL7-33A,AlWajh,Porites,7,33,A,100,100,100,100
WL1-33B,AlWajh,Porites,1,33,B,100,100,100,100
WL2-33B,AlWajh,Porites,2,33,B,100,80,80,80
WL3-33B,AlWajh,Porites,3,33,B,100,100,100,100
WL4-33B,AlWajh,Porites,4,33,B,100,100,100,100
WL5-33B,AlWajh,Porites,5,33,B,100,100,100,100
WL6-33B,AlWajh,Porites,6,33,B,100,100,100,100
WL7-33B,AlWajh,Porites,7,33,B,100,100,100,100
WL1-36A,AlWajh,Porites,1,36,A,60,40,40,40
WL2-36A,AlWajh,Porites,2,36,A,60,20,20,20
WL3-36A,AlWajh,Porites,3,36,A,40,20,20,20
WL4-36A,AlWajh,Porites,4,36,A,20,20,20,20
WL5-36A,AlWajh,Porites,5,36,A,40,40,40,40
WL6-36A,AlWajh,Porites,6,36,A,20,20,20,20
WL7-36A,AlWajh,Porites,7,36,A,80,40,40,40
WL1-36B,AlWajh,Porites,1,36,B,80,60,40,60
WL2-36B,AlWajh,Porites,2,36,B,20,20,20,20
WL3-36B,AlWajh,Porites,3,36,B,40,20,20,20
WL4-36B,AlWajh,Porites,4,36,B,20,0,0,0
WL5-36B,AlWajh,Porites,5,36,B,60,20,20,20
WL6-36B,AlWajh,Porites,6,36,B,20,20,20,20
WL7-36B,AlWajh,Porites,7,36,B,80,40,40,40
WL1-39A,AlWajh,Porites,1,39,A,40,40,20,40
WL2-39A,AlWajh,Porites,2,39,A,40,40,20,40
WL3-39A,AlWajh,Porites,3,39,A,40,40,20,40
WL4-39A,AlWajh,Porites,4,39,A,40,40,20,40
WL5-39A,AlWajh,Porites,5,39,A,20,20,20,20
WL6-39A,AlWajh,Porites,6,39,A,20,40,20,20
WL7-39A,AlWajh,Porites,7,39,A,20,40,20,20
WL1-39B,AlWajh,Porites,1,39,B,40,40,20,40
WL2-39B,AlWajh,Porites,2,39,B,0,0,0,0
WL3-39B,AlWajh,Porites,3,39,B,80,80,60,80
WL4-39B,AlWajh,Porites,4,39,B,40,40,60,40
WL5-39B,AlWajh,Porites,5,39,B,20,20,20,20
WL6-39B,AlWajh,Porites,6,39,B,20,40,20,20
WL7-39B,AlWajh,Porites,7,39,B,20,40,20,20
OL1-30A,Obock,Porites,1,30,A,100,100,100,100
OL2-30A,Obock,Porites,2,30,A,100,100,100,100
OL3-30A,Obock,Porites,3,30,A,100,100,100,100
OL4-30A,Obock,Porites,4,30,A,100,100,100,100
OL5-30A,Obock,Porites,5,30,A,100,100,100,100
OL6-30A,Obock,Porites,6,30,A,100,100,100,100
OL7-30A,Obock,Porites,7,30,A,100,100,100,100
OL1-30B,Obock,Porites,1,30,B,100,100,100,100
OL2-30B,Obock,Porites,2,30,B,100,100,100,100
OL3-30B,Obock,Porites,3,30,B,100,100,100,100
OL4-30B,Obock,Porites,4,30,B,100,100,100,100
OL5-30B,Obock,Porites,5,30,B,100,100,100,100
OL6-30B,Obock,Porites,6,30,B,100,100,100,100
OL7-30B,Obock,Porites,7,30,B,100,100,100,100
OL1-33A,Obock,Porites,1,33,A,100,100,100,100
OL2-33A,Obock,Porites,2,33,A,100,100,100,100
OL3-33A,Obock,Porites,3,33,A,100,100,100,100
OL4-33A,Obock,Porites,4,33,A,100,100,100,100
OL5-33A,Obock,Porites,5,33,A,100,100,100,100
OL6-33A,Obock,Porites,6,33,A,100,100,100,100
OL7-33A,Obock,Porites,7,33,A,100,100,100,100
OL1-33B,Obock,Porites,1,33,B,100,100,100,100
OL2-33B,Obock,Porites,2,33,B,100,100,100,100
OL3-33B,Obock,Porites,3,33,B,100,100,100,100
OL4-33B,Obock,Porites,4,33,B,100,100,100,100
OL5-33B,Obock,Porites,5,33,B,100,100,100,100
OL6-33B,Obock,Porites,6,33,B,100,100,100,100
OL7-33B,Obock,Porites,7,33,B,100,100,100,100
OL1-36A,Obock,Porites,1,36,A,100,100,100,100
OL2-36A,Obock,Porites,2,36,A,80,100,100,100
OL3-36A,Obock,Porites,3,36,A,20,100,40,40
OL4-36A,Obock,Porites,4,36,A,40,40,80,40
OL5-36A,Obock,Porites,5,36,A,80,60,100,80
OL6-36A,Obock,Porites,6,36,A,40,60,80,60
OL7-36A,Obock,Porites,7,36,A,20,60,80,60
OL1-36B,Obock,Porites,1,36,B,100,100,100,100
OL2-36B,Obock,Porites,2,36,B,80,100,100,100
OL3-36B,Obock,Porites,3,36,B,20,60,40,40
OL4-36B,Obock,Porites,4,36,B,40,80,80,80
OL5-36B,Obock,Porites,5,36,B,60,80,80,80
OL6-36B,Obock,Porites,6,36,B,60,80,80,80
OL7-36B,Obock,Porites,7,36,B,40,80,80,80
OL1-39A,Obock,Porites,1,39,A,20,20,20,20
OL2-39A,Obock,Porites,2,39,A,0,0,0,0
OL3-39A,Obock,Porites,3,39,A,0,0,0,0
OL4-39A,Obock,Porites,4,39,A,0,0,0,0
OL5-39A,Obock,Porites,5,39,A,0,0,0,0
OL6-39A,Obock,Porites,6,39,A,0,0,0,0
OL7-39A,Obock,Porites,7,39,A,0,20,0,0
OL1-39B,Obock,Porites,1,39,B,0,0,0,0
OL2-39B,Obock,Porites,2,39,B,0,20,0,0
OL3-39B,Obock,Porites,3,39,B,0,0,0,0
OL4-39B,Obock,Porites,4,39,B,0,0,0,0
OL5-39B,Obock,Porites,5,39,B,0,0,0,0
OL6-39B,Obock,Porites,6,39,B,0,20,0,0
OL7-39B,Obock,Porites,7,39,B,0,40,20,20
YL1-30A,Yanbu,Porites,1,30,A,100,100,100,100
YL2-30A,Yanbu,Porites,2,30,A,100,100,100,100
YL3-30A,Yanbu,Porites,3,30,A,100,100,100,100
YL4-30A,Yanbu,Porites,4,30,A,100,100,100,100
YL5-30A,Yanbu,Porites,5,30,A,100,100,100,100
YL6-30A,Yanbu,Porites,6,30,A,100,100,100,100
YL7-30A,Yanbu,Porites,7,30,A,100,100,100,100
YL1-30B,Yanbu,Porites,1,30,B,100,100,100,100
YL2-30B,Yanbu,Porites,2,30,B,100,100,100,100
YL3-30B,Yanbu,Porites,3,30,B,100,80,80,80
YL4-30B,Yanbu,Porites,4,30,B,100,100,100,100
YL5-30B,Yanbu,Porites,5,30,B,100,80,100,100
YL6-30B,Yanbu,Porites,6,30,B,100,100,100,100
YL7-30B,Yanbu,Porites,7,30,B,100,80,80,80
YL1-33A,Yanbu,Porites,1,33,A,100,80,100,100
YL2-33A,Yanbu,Porites,2,33,A,100,100,100,100
YL3-33A,Yanbu,Porites,3,33,A,80,100,100,100
YL4-33A,Yanbu,Porites,4,33,A,100,100,100,100
YL5-33A,Yanbu,Porites,5,33,A,80,80,80,80
YL6-33A,Yanbu,Porites,6,33,A,80,80,60,80
YL7-33A,Yanbu,Porites,7,33,A,100,100,100,100
YL1-33B,Yanbu,Porites,1,33,B,100,80,80,80
YL2-33B,Yanbu,Porites,2,33,B,100,100,100,100
YL3-33B,Yanbu,Porites,3,33,B,100,100,100,100
YL4-33B,Yanbu,Porites,4,33,B,100,100,100,100
YL5-33B,Yanbu,Porites,5,33,B,80,80,80,80
YL6-33B,Yanbu,Porites,6,33,B,100,100,100,100
YL7-33B,Yanbu,Porites,7,33,B,100,100,100,100
YL1-36A,Yanbu,Porites,1,36,A,80,60,60,60
YL2-36A,Yanbu,Porites,2,36,A,100,100,100,100
YL3-36A,Yanbu,Porites,3,36,A,20,60,40,40
YL4-36A,Yanbu,Porites,4,36,A,100,100,100,100
YL5-36A,Yanbu,Porites,5,36,A,20,40,20,20
YL6-36A,Yanbu,Porites,6,36,A,80,60,80,80
YL7-36A,Yanbu,Porites,7,36,A,40,40,60,40
YL1-36B,Yanbu,Porites,1,36,B,80,60,40,60
YL2-36B,Yanbu,Porites,2,36,B,100,100,100,100
YL3-36B,Yanbu,Porites,3,36,B,60,60,60,60
YL4-36B,Yanbu,Porites,4,36,B,80,80,80,80
YL5-36B,Yanbu,Porites,5,36,B,20,40,20,20
YL6-36B,Yanbu,Porites,6,36,B,100,80,80,80
YL7-36B,Yanbu,Porites,7,36,B,40,60,60,60
YL1-39A,Yanbu,Porites,1,39,A,0,0,0,0
YL2-39A,Yanbu,Porites,2,39,A,0,0,0,0
YL3-39A,Yanbu,Porites,3,39,A,0,0,0,0
YL4-39A,Yanbu,Porites,4,39,A,20,40,40,40
YL5-39A,Yanbu,Porites,5,39,A,0,20,20,20
YL6-39A,Yanbu,Porites,6,39,A,80,60,40,60
YL7-39A,Yanbu,Porites,7,39,A,0,20,20,20
YL1-39B,Yanbu,Porites,1,39,B,80,80,80,80
YL2-39B,Yanbu,Porites,2,39,B,0,0,0,0
YL3-39B,Yanbu,Porites,3,39,B,0,0,0,0
YL4-39B,Yanbu,Porites,4,39,B,0,0,20,0
YL5-39B,Yanbu,Porites,5,39,B,20,20,20,20
YL6-39B,Yanbu,Porites,6,39,B,60,80,80,80
YL7-39B,Yanbu,Porites,7,39,B,0,20,20,20
KP2-30A,AlFahal,Pocillopora,2,30,A,100,100,100,100
KP3-30A,AlFahal,Pocillopora,3,30,A,100,100,100,100
KP4-30A,AlFahal,Pocillopora,4,30,A,100,100,100,100
KP1-30B,AlFahal,Pocillopora,1,30,B,100,100,100,100
KP2-30B,AlFahal,Pocillopora,2,30,B,100,100,100,100
KP3-30B,AlFahal,Pocillopora,3,30,B,100,100,100,100
KP6-30B,AlFahal,Pocillopora,6,30,B,100,100,100,100
KP2-33A,AlFahal,Pocillopora,2,33,A,100,100,100,100
KP4-33A,AlFahal,Pocillopora,4,33,A,60,80,80,80
KP6-33A,AlFahal,Pocillopora,6,33,A,80,80,80,80
KP2-33B,AlFahal,Pocillopora,2,33,B,80,80,80,80
KP3-33B,AlFahal,Pocillopora,3,33,B,80,80,80,80
KP4-33B,AlFahal,Pocillopora,4,33,B,60,60,60,60
KP5-33B,AlFahal,Pocillopora,5,33,B,20,40,60,40
KP6-33B,AlFahal,Pocillopora,6,33,B,40,60,80,60
KP2-36A,AlFahal,Pocillopora,2,36,A,40,80,80,80
KP4-36A,AlFahal,Pocillopora,4,36,A,20,40,60,40
KP5-36A,AlFahal,Pocillopora,5,36,A,0,20,60,20
KP6-36A,AlFahal,Pocillopora,6,36,A,40,80,80,80
KP1-36B,AlFahal,Pocillopora,1,36,B,60,80,60,60
KP2-36B,AlFahal,Pocillopora,2,36,B,40,80,60,60
KP3-36B,AlFahal,Pocillopora,3,36,B,80,100,100,100
KP4-36B,AlFahal,Pocillopora,4,36,B,20,0,20,20
KP6-36B,AlFahal,Pocillopora,6,36,B,20,20,40,20
KP1-39A,AlFahal,Pocillopora,1,39,A,0,0,0,0
KP2-39A,AlFahal,Pocillopora,2,39,A,0,0,0,0
KP3-39A,AlFahal,Pocillopora,3,39,A,0,0,0,0
KP4-39A,AlFahal,Pocillopora,4,39,A,0,0,0,0
KP5-39A,AlFahal,Pocillopora,5,39,A,0,0,0,0
KP6-39A,AlFahal,Pocillopora,6,39,A,0,0,0,0
KP2-39B,AlFahal,Pocillopora,2,39,B,0,0,0,0
KP5-39B,AlFahal,Pocillopora,5,39,B,0,0,0,0
KP6-39B,AlFahal,Pocillopora,6,39,B,0,0,0,0
WP1-30A,AlWajh,Pocillopora,1,30,A,100,100,100,100
WP2-30A,AlWajh,Pocillopora,2,30,A,20,60,60,60
WP3-30A,AlWajh,Pocillopora,3,30,A,100,100,100,100
WP4-30A,AlWajh,Pocillopora,4,30,A,100,100,100,100
WP5-30A,AlWajh,Pocillopora,5,30,A,20,60,60,60
WP6-30A,AlWajh,Pocillopora,6,30,A,80,80,100,80
WP7-30A,AlWajh,Pocillopora,7,30,A,100,80,100,100
WP1-30B,AlWajh,Pocillopora,1,30,B,100,80,100,100
WP2-30B,AlWajh,Pocillopora,2,30,B,80,60,80,80
WP3-30B,AlWajh,Pocillopora,3,30,B,100,60,80,80
WP4-30B,AlWajh,Pocillopora,4,30,B,100,80,80,80
WP5-30B,AlWajh,Pocillopora,5,30,B,80,80,80,80
WP6-30B,AlWajh,Pocillopora,6,30,B,100,100,100,100
WP7-30B,AlWajh,Pocillopora,7,30,B,100,100,100,100
WP1-33A,AlWajh,Pocillopora,1,33,A,60,80,80,80
WP2-33A,AlWajh,Pocillopora,2,33,A,80,80,80,80
WP3-33A,AlWajh,Pocillopora,3,33,A,100,80,80,80
WP4-33A,AlWajh,Pocillopora,4,33,A,100,80,80,80
WP5-33A,AlWajh,Pocillopora,5,33,A,80,80,80,80
WP6-33A,AlWajh,Pocillopora,6,33,A,100,100,80,100
WP7-33A,AlWajh,Pocillopora,7,33,A,100,100,80,100
WP1-33B,AlWajh,Pocillopora,1,33,B,100,80,80,80
WP2-33B,AlWajh,Pocillopora,2,33,B,80,80,80,80
WP3-33B,AlWajh,Pocillopora,3,33,B,100,80,80,80
WP4-33B,AlWajh,Pocillopora,4,33,B,100,80,80,80
WP5-33B,AlWajh,Pocillopora,5,33,B,80,80,80,80
WP6-33B,AlWajh,Pocillopora,6,33,B,100,100,80,100
WP7-33B,AlWajh,Pocillopora,7,33,B,100,80,80,80
WP1-36A,AlWajh,Pocillopora,1,36,A,100,80,80,80
WP2-36A,AlWajh,Pocillopora,2,36,A,80,80,80,80
WP3-36A,AlWajh,Pocillopora,3,36,A,60,60,80,60
WP4-36A,AlWajh,Pocillopora,4,36,A,80,80,100,80
WP5-36A,AlWajh,Pocillopora,5,36,A,60,60,80,60
WP6-36A,AlWajh,Pocillopora,6,36,A,60,80,100,80
WP7-36A,AlWajh,Pocillopora,7,36,A,40,80,80,80
WP1-36B,AlWajh,Pocillopora,1,36,B,80,80,80,80
WP2-36B,AlWajh,Pocillopora,2,36,B,100,80,100,100
WP3-36B,AlWajh,Pocillopora,3,36,B,20,20,20,20
WP4-36B,AlWajh,Pocillopora,4,36,B,20,20,20,20
WP5-36B,AlWajh,Pocillopora,5,36,B,20,20,20,20
WP6-36B,AlWajh,Pocillopora,6,36,B,80,80,80,80
WP7-36B,AlWajh,Pocillopora,7,36,B,20,20,20,20
WP1-39A,AlWajh,Pocillopora,1,39,A,100,0,0,0
WP2-39A,AlWajh,Pocillopora,2,39,A,100,0,0,0
WP3-39A,AlWajh,Pocillopora,3,39,A,100,0,0,0
WP4-39A,AlWajh,Pocillopora,4,39,A,100,0,0,0
WP5-39A,AlWajh,Pocillopora,5,39,A,100,0,0,0
WP6-39A,AlWajh,Pocillopora,6,39,A,100,0,0,0
WP7-39A,AlWajh,Pocillopora,7,39,A,100,0,0,0
WP1-39B,AlWajh,Pocillopora,1,39,B,100,0,0,0
WP2-39B,AlWajh,Pocillopora,2,39,B,100,0,0,0
WP3-39B,AlWajh,Pocillopora,3,39,B,100,0,0,0
WP4-39B,AlWajh,Pocillopora,4,39,B,100,0,0,0
WP5-39B,AlWajh,Pocillopora,5,39,B,100,0,0,0
WP6-39B,AlWajh,Pocillopora,6,39,B,100,0,0,0
WP7-39B,AlWajh,Pocillopora,7,39,B,100,0,0,0
EP1-30A,Eilat,Pocillopora,1,30,A,100,100,100,100
EP2-30A,Eilat,Pocillopora,2,30,A,80,80,80,80
EP3-30A,Eilat,Pocillopora,3,30,A,20,40,60,40
EP4-30A,Eilat,Pocillopora,4,30,A,80,80,80,80
EP5-30A,Eilat,Pocillopora,5,30,A,20,40,60,40
EP6-30A,Eilat,Pocillopora,6,30,A,100,100,100,100
EP7-30A,Eilat,Pocillopora,7,30,A,80,100,100,100
EP1-30B,Eilat,Pocillopora,1,30,B,100,100,100,100
EP2-30B,Eilat,Pocillopora,2,30,B,80,80,80,80
EP3-30B,Eilat,Pocillopora,3,30,B,40,40,60,40
EP4-30B,Eilat,Pocillopora,4,30,B,80,80,80,80
EP5-30B,Eilat,Pocillopora,5,30,B,20,40,60,40
EP6-30B,Eilat,Pocillopora,6,30,B,60,80,100,80
EP7-30B,Eilat,Pocillopora,7,30,B,100,100,100,100
EP1-33A,Eilat,Pocillopora,1,33,A,80,80,100,80
EP2-33A,Eilat,Pocillopora,2,33,A,40,60,60,60
EP3-33A,Eilat,Pocillopora,3,33,A,0,20,20,20
EP4-33A,Eilat,Pocillopora,4,33,A,20,20,40,20
EP5-33A,Eilat,Pocillopora,5,33,A,60,40,80,60
EP6-33A,Eilat,Pocillopora,6,33,A,60,40,80,60
EP7-33A,Eilat,Pocillopora,7,33,A,0,0,0,0
EP1-33B,Eilat,Pocillopora,1,33,B,80,80,100,80
EP2-33B,Eilat,Pocillopora,2,33,B,60,60,80,60
EP3-33B,Eilat,Pocillopora,3,33,B,60,60,60,60
EP4-33B,Eilat,Pocillopora,4,33,B,40,60,60,60
EP5-33B,Eilat,Pocillopora,5,33,B,20,20,20,20
EP6-33B,Eilat,Pocillopora,6,33,B,80,80,100,80
EP7-33B,Eilat,Pocillopora,7,33,B,40,40,60,40
EP1-36A,Eilat,Pocillopora,1,36,A,0,0,0,0
EP2-36A,Eilat,Pocillopora,2,36,A,0,0,0,0
EP3-36A,Eilat,Pocillopora,3,36,A,0,0,0,0
EP4-36A,Eilat,Pocillopora,4,36,A,0,0,0,0
EP5-36A,Eilat,Pocillopora,5,36,A,0,0,0,0
EP6-36A,Eilat,Pocillopora,6,36,A,0,0,0,0
EP7-36A,Eilat,Pocillopora,7,36,A,20,0,0,0
EP1-36B,Eilat,Pocillopora,1,36,B,20,20,20,20
EP2-36B,Eilat,Pocillopora,2,36,B,0,0,0,0
EP3-36B,Eilat,Pocillopora,3,36,B,20,20,0,20
EP4-36B,Eilat,Pocillopora,4,36,B,20,20,20,20
EP5-36B,Eilat,Pocillopora,5,36,B,0,0,0,0
EP6-36B,Eilat,Pocillopora,6,36,B,60,40,20,40
EP7-36B,Eilat,Pocillopora,7,36,B,20,20,20,20
EP1-39A,Eilat,Pocillopora,1,39,A,0,0,0,0
EP2-39A,Eilat,Pocillopora,2,39,A,0,0,0,0
EP3-39A,Eilat,Pocillopora,3,39,A,0,0,0,0
EP4-39A,Eilat,Pocillopora,4,39,A,0,0,0,0
EP5-39A,Eilat,Pocillopora,5,39,A,0,0,0,0
EP6-39A,Eilat,Pocillopora,6,39,A,0,0,0,0
EP7-39A,Eilat,Pocillopora,7,39,A,60,40,60,60
EP1-39B,Eilat,Pocillopora,1,39,B,0,0,0,0
EP2-39B,Eilat,Pocillopora,2,39,B,0,0,0,0
EP3-39B,Eilat,Pocillopora,3,39,B,0,0,0,0
EP4-39B,Eilat,Pocillopora,4,39,B,0,0,0,0
EP5-39B,Eilat,Pocillopora,5,39,B,0,0,0,0
EP6-39B,Eilat,Pocillopora,6,39,B,0,0,0,0
EP7-39B,Eilat,Pocillopora,7,39,B,0,0,0,0
OP1-30A,Obock,Pocillopora,1,30,A,100,100,100,100
OP2-30A,Obock,Pocillopora,2,30,A,80,80,100,80
OP3-30A,Obock,Pocillopora,3,30,A,100,100,100,100
OP4-30A,Obock,Pocillopora,4,30,A,100,100,100,100
OP5-30A,Obock,Pocillopora,5,30,A,100,100,100,100
OP6-30A,Obock,Pocillopora,6,30,A,100,100,100,100
OP1-33B,Obock,Pocillopora,1,33,B,100,100,100,100
OP2-33B,Obock,Pocillopora,2,33,B,80,80,80,80
OP3-33B,Obock,Pocillopora,3,33,B,100,100,100,100
OP4-33B,Obock,Pocillopora,4,33,B,80,80,100,80
OP5-33B,Obock,Pocillopora,5,33,B,100,100,100,100
OP6-33B,Obock,Pocillopora,6,33,B,80,80,100,80
OP7-33B,Obock,Pocillopora,7,33,B,80,80,100,80
OP1-36A,Obock,Pocillopora,1,36,A,40,60,40,40
OP2-36A,Obock,Pocillopora,2,36,A,20,60,40,40
OP3-36A,Obock,Pocillopora,3,36,A,60,60,60,60
OP4-36A,Obock,Pocillopora,4,36,A,60,60,60,60
OP5-36A,Obock,Pocillopora,5,36,A,0,0,0,0
OP6-36A,Obock,Pocillopora,6,36,A,40,60,60,60
OP7-36A,Obock,Pocillopora,7,36,A,40,60,60,60
OP1-36B,Obock,Pocillopora,1,36,B,40,60,60,60
OP2-36B,Obock,Pocillopora,2,36,B,40,60,60,60
OP3-36B,Obock,Pocillopora,3,36,B,40,60,60,60
OP4-36B,Obock,Pocillopora,4,36,B,60,60,60,60
OP5-36B,Obock,Pocillopora,5,36,B,0,0,0,0
OP6-36B,Obock,Pocillopora,6,36,B,80,60,60,60
OP7-36B,Obock,Pocillopora,7,36,B,20,60,40,40
OP1-39A,Obock,Pocillopora,1,39,A,0,0,0,0
OP2-39A,Obock,Pocillopora,2,39,A,0,0,0,0
OP3-39A,Obock,Pocillopora,3,39,A,0,0,0,0
OP4-39A,Obock,Pocillopora,4,39,A,0,0,0,0
OP5-39A,Obock,Pocillopora,5,39,A,0,0,0,0
OP6-39A,Obock,Pocillopora,6,39,A,0,0,0,0
OP7-39A,Obock,Pocillopora,7,39,A,0,0,0,0
OP1-39B,Obock,Pocillopora,1,39,B,0,0,0,0
OP2-39B,Obock,Pocillopora,2,39,B,0,0,0,0
OP3-39B,Obock,Pocillopora,3,39,B,0,0,0,0
OP4-39B,Obock,Pocillopora,4,39,B,0,0,0,0
OP5-39B,Obock,Pocillopora,5,39,B,0,0,0,0
OP6-39B,Obock,Pocillopora,6,39,B,0,0,0,0
OP7-39B,Obock,Pocillopora,7,39,B,0,0,0,0
YP1-30A,Yanbu,Pocillopora,1,30,A,80,60,60,60
YP2-30A,Yanbu,Pocillopora,2,30,A,60,60,60,60
YP3-30A,Yanbu,Pocillopora,3,30,A,100,60,80,80
YP4-30A,Yanbu,Pocillopora,4,30,A,60,60,60,60
YP6-30A,Yanbu,Pocillopora,6,30,A,60,60,60,60
YP7-30A,Yanbu,Pocillopora,7,30,A,80,60,80,80
YP1-30B,Yanbu,Pocillopora,1,30,B,60,60,60,60
YP2-30B,Yanbu,Pocillopora,2,30,B,60,60,60,60
YP4-30B,Yanbu,Pocillopora,4,30,B,60,60,60,60
YP5-30B,Yanbu,Pocillopora,5,30,B,40,60,60,60
YP6-30B,Yanbu,Pocillopora,6,30,B,40,60,60,60
YP7-30B,Yanbu,Pocillopora,7,30,B,40,60,60,60
YP1-33A,Yanbu,Pocillopora,1,33,A,40,60,40,40
YP2-33A,Yanbu,Pocillopora,2,33,A,60,60,60,60
YP3-33A,Yanbu,Pocillopora,3,33,A,60,60,60,60
YP4-33A,Yanbu,Pocillopora,4,33,A,40,60,60,60
YP6-33A,Yanbu,Pocillopora,6,33,A,80,80,80,80
YP7-33A,Yanbu,Pocillopora,7,33,A,80,80,80,80
YP1-33B,Yanbu,Pocillopora,1,33,B,60,60,60,60
YP2-33B,Yanbu,Pocillopora,2,33,B,40,60,60,60
YP3-33B,Yanbu,Pocillopora,3,33,B,60,60,60,60
YP4-33B,Yanbu,Pocillopora,4,33,B,40,60,60,60
YP5-33B,Yanbu,Pocillopora,5,33,B,20,60,60,60
YP6-33B,Yanbu,Pocillopora,6,33,B,80,80,80,80
YP7-33B,Yanbu,Pocillopora,7,33,B,80,80,80,80
YP1-36A,Yanbu,Pocillopora,1,36,A,0,20,20,20
YP2-36A,Yanbu,Pocillopora,2,36,A,0,20,20,20
YP3-36A,Yanbu,Pocillopora,3,36,A,0,0,0,0
YP4-36A,Yanbu,Pocillopora,4,36,A,0,0,0,0
YP5-36A,Yanbu,Pocillopora,5,36,A,0,20,20,20
YP6-36A,Yanbu,Pocillopora,6,36,A,40,60,40,40
YP7-36A,Yanbu,Pocillopora,7,36,A,20,40,40,40
YP1-36B,Yanbu,Pocillopora,1,36,B,0,0,0,0
YP3-36B,Yanbu,Pocillopora,3,36,B,0,0,0,0
YP4-36B,Yanbu,Pocillopora,4,36,B,0,0,0,0
YP5-36B,Yanbu,Pocillopora,5,36,B,0,0,0,0
YP1-39A,Yanbu,Pocillopora,1,39,A,0,0,0,0
YP2-39A,Yanbu,Pocillopora,2,39,A,0,0,0,0
YP3-39A,Yanbu,Pocillopora,3,39,A,0,0,0,0
YP6-39A,Yanbu,Pocillopora,6,39,A,0,0,0,0
YP7-39A,Yanbu,Pocillopora,7,39,A,0,0,0,0
YP1-39B,Yanbu,Pocillopora,1,39,B,0,0,0,0
YP2-39B,Yanbu,Pocillopora,2,39,B,0,0,0,0
YP3-39B,Yanbu,Pocillopora,3,39,B,0,0,0,0
YP4-39B,Yanbu,Pocillopora,4,39,B,0,0,0,0
YP5-39B,Yanbu,Pocillopora,5,39,B,0,0,0,0
YP6-39B,Yanbu,Pocillopora,6,39,B,0,0,0,0